text,label
"l’enveloppe globale d’augmentation des rémunérations 2023 est fixée à 5,6 %.article i - : augmentations individuelles l’enveloppe des augmentations individuelles, fixée au 1er janvier 2023, correspond à : 0,5 % pour les salariés employés, ouvriers et maîtrises de qualification ; 1,1 % pour les salariés maîtrises d’encadrement ; 1,35 % pour les salariés cadres. article ii – : augmentations collectives ii – a : employés, ouvriers et maîtrises de qualification les augmentations collectives, au titre de 2023, sont de 5,1 %, décomposées ainsi : 0,35 % au titre de l’ancienneté, résultant des dispositions de l’article 45 de la convention collective inter-entreprises du 1er juin 1979 ; 3,9 % au titre de l’augmentation de la valeur du point, qui sera portée à 6,9157 € ; 0,85 % au titre de la revalorisation de l’indice de base. ii – b : maîtrises d’encadrement les augmentations collectives, au titre de 2023, sont de 4,5 %, décomposées ainsi : 0,35 % au titre de l’ancienneté, résultant des dispositions de l’article 45 de la convention collective inter-entreprises du 1er juin 1979 ; 3,9 % au titre de l’augmentation de la valeur du point, qui sera portée à 6,9157 € ; 0,25 % au titre de la revalorisation de l’indice de base. ii – c : cadres les augmentations collectives, au titre de 2023, sont de 4,25 %, décomposées ainsi : 0,35 % au titre de l’ancienneté, résultant des dispositions de l’article 45 de la convention collective inter-entreprises du 1er juin 1979 ; 3,9 % au titre de l’augmentation de la valeur du point, qui sera portée à 6,9157 €. ii – d : modalités de mise en œuvre ii – d – 1 : augmentations individuelles les augmentations individuelles et primes des salariés employés, ouvriers, maîtrises de qualification et maîtrises d’encadrement seront versées sur la paie de février 2023, avec effet rétroactif au 1er janvier 2023. les augmentations individuelles et primes des salariés cadres seront versées sur la paie d’avril 2023, avec effet rétroactif au 1er janvier 2023. ii – d – 2 : augmentations collectives au titre de 2023, l’augmentation de la valeur du point est fixée à 3,9 %. elle sera mise en œuvre comme suit : une augmentation, par anticipation, qui porte la valeur du point à 6,7559 € dès le 1er novembre 2022 (soit + 1,5 %). elle sera prise en compte sur la paie de novembre 2022. une augmentation complémentaire qui portera la valeur du point à 6,9157 € à compter du 1er janvier 2023.",4.5
"revalorisation collective des rémunérations pour 2023  les parties ont convenu d’une augmentation collective générale de salaires accordée aux salariés de l’ues fbd, toute catégorie professionnelle confondue, engagés avant le 1er juillet 2022,                             à hauteur de 5,6 % de leur salaire de base mensuel brut.  cette augmentation prendra effet à compter du mois de janvier 2023.  cette revalorisation de salaire collective ne peut pas se cumuler avec les éventuelles augmentations conventionnelles prévues par la convention collective nationale du négoce de l’ameublement, actuellement appliquée au sein de l’ues fbd.    ",
"negociation annuelle obligatoire. titre i - remunerations article 1 – revalorisation des salaires au 1er octobre 2022 pour personnel ouvrier roulant coefficient 150m: la direction propose une augmentation de 6% sur le salaire de base.  personnel ouvrier roulant coefficient 138m:  la direction propose une augmentation de 2.64% sur le salaire de base (ce coefficient a bénéficié en 2022 des augmentations collectives du trm et celles du smic ce qui représente déjà + 3.36%. la direction émet cette proposition afin que la hausse de salaire globale soit également de 6% pour cette catégorie).  personnel ouvrier sédentaire et employés :  la direction propose une augmentation de 4 % sur le salaire de base.   personnel maîtrise :  la direction propose une augmentation de 3 % sur le salaire de base. ces augmentations ne se cumuleront pas aux éventuelles hausses qui seront mises en place durant la période de validité dudit présent accord, et décidées par les partenaires signataires de la convention collective ou à une éventuelle augmentation du smic.",3.0
"le salaire de base est porté de 1 642,55 € bruts à 1 761,08 € bruts pour un collaborateur à 35 heures, soit une augmentation de 7,22%. niveau e4 : le salaire de base est porté de 1 704,73 € bruts à 1 789,97 € bruts pour un collaborateur à 35 heures, soit une augmentation de 5%. du fait de ces modifications, la prime pour les vendeurs polyvalents affectés au cash office au sein de leur magasin est maintenue à 62,18 € bruts mensuels pour un salarié à temps plein. les modalités d’attribution et de calcul de cette prime restent inchangées. autres employés (hors fonctions retail opérationnels magasins) : il sera procédé à une augmentation générale de 5% du salaire de base brut sous réserve que ces derniers aient été embauchés au plus tard le 31 août 2022 et n’aient pas bénéficié d’une augmentation et/ou promotion entre le 1er septembre 2022 et le 31 décembre 2022. 1.1.2 salariés de statut agent de maîtrise au 1er janvier 2023, il sera procédé aux augmentations générales suivantes par rapport aux salaires applicables au 1er janvier 2022 : superviseurs du floor : le salaire de base est porté de 1 958,02 € bruts à 2 055,92 € bruts pour un collaborateur à 35 heures, soit une augmentation de 5%. superviseur cash office : le salaire de base est porté de 2 211,96 € bruts à 2 322,56 € bruts pour un collaborateur à 35 heures, soit une augmentation de 5%. autres superviseurs (hors fonctions retail opérationnels magasins) : il sera procédé à une augmentation générale de 5% du salaire de base brut sous réserve que ces derniers aient été embauchés au plus tard le 31 août 2022 et n’aient pas bénéficié d’une augmentation et/ou promotion entre le 1er septembre 2022 et le 31 décembre 2022. 1.1.3 salariés de statut cadre au 1er janvier 2023, il sera procédé à une augmentation générale de 5% du salaire de base brut de ces salariés par rapport aux salaires applicables au 1er janvier 2022 : celle-ci sera applicable aux collaborateurs qui ont été embauchés au plus tard le 31 août 2022 et qui n’ont pas bénéficié d’une augmentation et/ou promotion entre le 1er septembre 2022 et le 31 décembre 2022.    ",5.0
"accord. article 3 – dispositions salariales les parties signataires s'entendent sur un effort particulier à mener sur les premiers niveaux de salaire ainsi que sur le principe d'une évolution globale moyenne de 5,5% de la masse des rémunérations, au titre de l'année 2023. 3.1  salaire minimum saft une mesure spécifique pour les salaires les plus bas est mise en œuvre au 1er décembre 2022. celle-ci, vise à les positionner à un minimum salarial de 2 000 euros bruts calculés sur 12 mois (soit 1 846,15 euros sur 13 mois).  cela sera appliqué de manière progressive pour assurer une cohérence avec les positionnements salariaux actuels. cette mesure correspond à une enveloppe spécifique de 0,5%.  3.2  augmentation générale une mesure générale de 5,1 % sera appliquée aux rémunérations des ouvriers au 1er décembre 2022, avec un minimum de 100€ bruts mensuels.  une mesure générale de 4,9 % sera appliquée aux rémunérations des etam au 1er décembre 2022, avec un minimum de 100€ bruts mensuels.  3.3 augmentations individuelles et promotionnelles  le budget alloué aux mesures individuelles et promotionnelles pour les ouvriers est fixé à 0,4 %. le budget alloué aux mesures individuelles et promotionnelles pour les etam est fixé à 0,6 %. le budget alloué aux évolutions salariales individuelles des ingénieurs et cadres est de 5,5 %, incluant un budget de 0,7% pour les promotionnelles et les mesures de rétention.   les augmentations individuelles seront appliquées avec la paie de mars 2023, avec effet rétroactif au 1er janvier 2023. les promotionnelles et les mesures de rétention pourront être mises en œuvre au cours de l’année 2023. article 4 – prime de partage de la valeur a titre exceptionnel, les parties au présent accord conviennent d'une prime de partage de la valeur consistant en un versement à chaque salarié d'une somme équivalent à un mois de salaire, avec un plancher de 3 000 euros et un plafond fixé à 6 000 euros bruts (pour une année complète à temps plein).",4.0
"il est convenu ce qui suit avec les organisations syndicales représentatives, les dispositions suivantes : revaloriser les salaires de base par un dispositif d’augmentation générale, d’augmentation collective et d’augmentation individuelle. augmentations générales (ag/ac) : face au contexte inflationniste que connaissent les kiabers mais également l’entreprise, kiabi a fait le choix de proposer pour 2023, une augmentation en deux étapes. la première augmentation sera appliquée sur la paie du mois d’octobre 2022 : pour les kiabers de statut « employé » : ag de 2%  pour les kiabers de statut « agents de maîtrise » : ag de 2% pour les kiabers de statut « cadre » : ac de 2% pour les kiabers qui perçoivent un salaire de base etp inférieur ou égal à 5000€ brut mensuel. cette première augmentation sera calculée sur le salaire de base brut au 30 septembre 2022. la seconde augmentation sera appliquée sur la paie du mois de janvier 2023 :  pour les kiabers de statut « employé » : ag de 2%  pour les kiabers de statut « agents de maîtrise » : ag de 2% pour les kiabers de statut « cadre » : ac de 2% pour les kiabers qui perçoivent un salaire de base etp inférieur ou égal à 5000€ brut mensuel au 30 septembre 2022. a savoir :  pour les kiabers de statut « employé », catégorie e3 : ac supplémentaire de 0,1%  pour les kiabers de statut « employé », catégorie e4 : ac supplémentaire de 0,2%  pour les kiabers de statut « agent de maitrise », catégorie am1 et am2 : ac supplémentaire de 0,2%   ces augmentations complémentaires auront lieu concomitamment à la première augmentation du mois d’octobre, sur le salaire de base brut au 30 septembre 2022.   dès lors une condition de présence effective au 30 septembre et 1 octobre 2022 est requise pour bénéficier de la première augmentation, et au 31 décembre 2022 et 1er janvier 2023 est requise afin de pouvoir prétendre à la seconde augmentation.  le plafond de 5000€ brut mensuel est entendu comme étant le salaire de base brut etp au 30 septembre 2022.  augmentations individuelles (ai):  une augmentation individuelle est possible à partir du moment où le collaborateur a progressé dans son niveau de professionnalisme (compétences et performance). ces augmentations individuelles seront appliquées : pour les kiabers de statut « cadre » dont la rémunération est supérieure à 5000€ brut mensuel de base etp : un budget d’ai de 4% maximum.  prime de partage de la valeur (ppv) :   face à ce contexte exceptionnel et à cette conjoncture, il est convenu avec les organisations syndicales représentatives d’accorder une prime exceptionnelle de partage de la valeur (évolution de la prime macron) d’un montant de 130€ brut.",2.0
"   augmentation des salaires : pour le personnel catégorie ouvrier il est convenu une augmentation de 110€ sur le salaire de base répartie de la façon suivante : 60 € brut applicable sur le salaire de janvier 2023 et 50€ brut applicable sur le salaire de juillet 2023. cette augmentation intègre l’augmentation du smic de janvier 2023, et les éventuelles futures augmentations. pour le personnel catégorie etam (employés, techniciens, agents de maitrise) il est convenu une augmentation de 110€ sur le salaire de base répartie de la façon suivante : 60 € brut applicable sur le salaire de janvier 2023 et 50€ brut applicable sur le salaire de juillet 2023, avec un minimum d’augmentation assurée de 4,5% par rapport au salaire de base de décembre 2022, complétée si besoin sur le salaire de juillet 2023. pour le personnel catégorie cadres il est convenu une augmentation de 4,5% sur le salaire de base, par rapport au salaire de base de décembre 2022 répartie de la façon suivante : 3% applicable sur le salaire de janvier 2023 et 1,5% applicable sur le salaire de juillet 2023. enfin, pour compléter et encourager les salariés dans leur montée en compétence, lors d’un changement de coefficient, il est prévu d’appliquer le nouveau minima prévu pour le nouveau coefficient, si toutefois la différence entre les 2 coefficients est inférieure à 30€, le montant brut de l’augmentation sera garanti à 30€. revalorisation de la prime d’assiduité pour les salariés en 2 /3 x 8 pour les salariés qui appliquent des horaires postés (hors feu continu), il est convenu de porter le pourcentage de cette prime à 4,5% à compter du 1er juillet 2023. pour rappel, cette prime est calculée en pourcentage du salaire de base en tenant compte du présentéisme réel au cours du mois en ajoutant les éventuelles heures supplémentaires et en déduisant les arrêts maladie, accidents de travail/trajet ainsi que toutes les absences injustifiées. ",4.5
"mesures salariales au titre de l’annee 2023  i-1 : enveloppe globale d’augmentation l’enveloppe globale d’augmentation des rémunérations pour 2023 est fixée à 5,6 %.  i-2 : répartition de l’enveloppe globale d’augmentation compte tenu de l’avancement (dit « gvt ») dont les salariés des catégories employés d’exécution et etam bénéficieront au 1er janvier 2023, la direction et les organisations syndicales signataires sont convenues des mesures suivantes pour 2023 : les grilles de salaire des employés d’exécution sont revalorisées de 4,9 %.  les grilles de salaire des etam""1er niveau"" sont revalorisées de 4,5 %. les grilles de salaire des etam, dits de « 2nd niveau », sont revalorisées de 4 %. s’agissant de la population des cadres : pour la catégorie des « chefs de service, chefs de centre et cadres assimilés » une augmentation collective à hauteur de 1,5 %. l’enveloppe globale d’augmentation individuelle s’établit donc, pour cette catégorie de salariés, à 4,1 %. pour la catégorie des « cadres », au sens de l’article ii-1 l’attribution d’une augmentation collective à hauteur de 4,1 %. l’enveloppe globale d’augmentation individuelle s’établit donc, pour cette catégorie de salariés, à 1,5 %. pour les salariés cadres, les mesures d’augmentation individuelle et primes éventuelles seront versées sur la paie d’avril 2023, avec effet rétroactif au 1er janvier 2023.  tous les salariés visés au présent accord bénéficieront, par anticipation à compter du 1er novembre 2022, d’une revalorisation de leur grille de salaire (employés d’exécution et etam) ou de leur salaire de base (cadres) par la voie d’un acompte sur les mesures salariales 2023 d’un montant de 1,5 %.  ",3.0
"negociation annuelle obligatoire 2023.article 2 – bloc 1 : rémunération et partage de la valeur ajoutée  le montant des salaires de base mensuels bruts sera révisé aux dates et selon les modalités décrites ci-après :  article 2.1 – evolution des salaires pour l’année 2023 pour la catégorie ouvrière comme rappelé dans les accords nao précédents, la direction est particulièrement attachée au principe d’ajustements individuels. les partenaires sociaux sont majoritairement attachés aux augmentations générales pour la catégorie ouvrière. les parties conviennent qu’il sera procédé à titre exceptionnel et dérogatoire, à une augmentation générale sur la base du schéma suivant :  augmentation générale de 5% des appointements forfaitaires de base mensuels bruts, cette augmentation sera versée au 1er janvier 2023. a titre exceptionnel et dérogatoire, si l’augmentation générale sur le salaire de base n’atteint pas 120€ bruts (cent-vingt euros bruts), alors le salarié concerné bénéficiera au minimum de 120€ d’augmentation générale sur son salaire de base. pour les catégories employés, techniciens, agents de maîtrise et assimilés cadres  comme rappelé dans les accords nao précédents, la direction est particulièrement attachée au principe d’ajustements individuels. les partenaires sociaux sont majoritairement attachés aux augmentations générales pour la catégorie etam et assimilés cadres. les parties conviennent qu’il sera procédé à titre exceptionnel et dérogatoire, à une augmentation générale sur la base du schéma suivant :  augmentation générale de 5% des appointements forfaitaires de base mensuels bruts, cette augmentation sera versée au 1er janvier 2023. a titre exceptionnel et dérogatoire, si l’augmentation générale sur le salaire de base n’atteint pas 120€ bruts, alors le salarié concerné bénéficiera au minimum de 120€ d’augmentation générale sur son salaire de base, en lieu et place des 5% d’augmentation générale. pour la catégorie cadres   les augmentations de salaires des cadres seront déterminées sur une base individuelle en fonction de la performance individuelle de chaque salarié. cependant, au regard de la forte inflation et à titre exceptionnel et dérogatoire, les parties conviennent des points suivants :  augmentation individuelle est fixée sur la base d’une enveloppe de 5 % des appointements forfaitaires de base mensuels bruts, sur la base de la performance individuelle de chaque salarié. cette augmentation sera versée à compter du 1er mars 2023. sur cette enveloppe de 5%, à titre exceptionnel et dérogatoire, chaque salarié concerné bénéficiera au minimum de 3% d’augmentation individuelle.",5.0
"les revendications portées par la cfdt sont les suivantes : 8,5 % d’augmentation générale pour tous les salariés avec un montant forfaitaire de 201 € pour la tranche inférieure à 2370 € pour les o/e et 208 € pour la tranche inférieure à 2454 € pour les am.  mise en place d’une clause delta, si au 31/12/2022 l’inflation est supérieure à l’augmentation générale, la différence entre les deux pourcentages sera automatiquement compensée en augmentation générale sur le salaire de janvier 2023. une prime de partage de la valeur avec un plancher de 3000 € et un plafond de 6000 € pour chaque collaborateur. 3 : la direction de l’entreprise a émis la proposition initiale suivante :  instauration de salaires minima pour les salariés cdi, pour les coefficients suivants, avec maintien de la grille conventionnelle pour tous les autres types de contrats, et autres coefficients : salaire minimum de 2000€ sur 12 mois  augmentation de la masse salariale de 7 % pour chaque catégorie, intégrant toutes les mesures salariales (salaires minima indiqués ci dessus et augmentation des primes d’ancienneté). attribution d’une prime exceptionnelle pour le partage de la valeur (ppv) d’un mois de salaire (salaire de base octobre 2022) d’un montant minimum de 3.000 € et d’un montant maximum de 6.000 €. article 1 – augmentations generales et augmentations individuelles. il sera appliqué les les augmentations suivantes : pour les catégories ouvriers, employés (coefficients 200 à 250) :  la catégorie ouvriers, employés bénéficiera d’une enveloppe globale de 7% dont : une augmentation générale de 5 % ;  cette augmentation générale portera sur le salaire de base et la prime d’ancienneté. une augmentation individuelle de 2 %. pour les catégories agents de maîtrise (coefficients 300 à 320) : la catégorie agents de maitrise bénéficiera d’une enveloppe globale de 7% dont : une augmentation générale de 5 %. une augmentation individuelle de 2 %. la mesure d’augmentation individuelle prendra effet sur le mois de février 2023 avec effet rétroactif au 1er janvier 2023 ; sont concernés tous les salariés remplissant la condition de présence au 1er décembre 2022, aussi bien sous le régime du contrat de travail à durée indéterminée que sous celui du contrat à durée déterminée. pour les catégories cadres (coefficients 400 à 460) : la catégorie cadres bénéficiera d’une enveloppe globale de 7% dont : une augmentation générale de 3,5 %, une augmentation individuelle de 3,5 %. article 2 - prime de partage de la valeur (ppv)  il est convenu dans le cadre de ces négociations de verser au personnel à titre tout à fait exceptionnel, une prime  pour le partage de la valeur (ppv) d’un mois de salaire d’un montant minimum de 3.000 € et d’un montant maximum de 6.000 €.",5.0
"negociations obligatoires. l’augmentation générale et collective sera de : 2,4% pour le collège ouvriers/employés, 2%  pour le collège techniciens / agents de maîtrise, 1% pour le collège ingénieurs et cadres. augmentations individuelles  les augmentations individuelles prendront effet au 01/01/2023 et se feront à concurrence de:  1,6% de la masse salariale pour le collège ouvriers/employés, 2% de la masse salariale pour le collège techniciens / agents de maîtrise, 3% de la masse salariale pour le collège ingénieurs et cadres. a date, l’ensemble des salaires de base bruts en vigueur sont conformes aux minimas conventionnels et à l’accord sur l’aménagement du temps de travail. il est convenu que les salariés qui auront bénéficié d’une revalorisation de salaire au 1er janvier 2023 ne seront pas éligibles à cette seconde augmentation.  cela porte l’enveloppe globale des augmentations à 4% au 1er janvier 2023 +1% au 1er avril 2023. cmc materials upc a fait le choix de verser une prime de partage de la valeur (ppv) d’un montant de 250€ au bénéfice de certains salariés sur l’année 2022, en application des dispositions de l’article 1 de la loi n°2022-1158 du 16 août 2022 portant mesures d’urgence pour la protection du pouvoir d’achat.  dans le prolongement de cette décision unilatérale, les parties sont convenues du principe du versement d’une nouvelle prime de partage de la valeur, qui fera l’objet soit d’un accord collectif conclu ultérieurement, soit d’une décision unilatérale de l’employeur. l’enveloppe de cette prime correspondra à un montant de 800€ par salarié.",2.0
"accord. article 4 : prime de partage de la valeur  en application de la loi du 16 août 2022 portant mesures d’urgence pour la protection du pouvoir d’achat, une prime de partage de la valeur d’un mois de salaire de base brut, avec un plancher de 3 000€ brut et un plafond de 6 000€ brut, sera versé en paye de décembre 2022.  article 1 : revalorisation d’échelon  la direction initiera, au 1er semestre 2023, une nouvelle campagne de vérification du positionnement des salariés dans la grille de classification au regard de leur temps de présence effectif dans leur échelon et des dispositions en vigueur au sein d’argedis régissant les temps de passage dans certains échelons.   titre iii – temps de travail   les parties conviennent qu’il n’est pas opportun de négocier sur des thématiques relatives au temps de travail.    titre iv – entree en vigueur, duree et publicite de l’accord   article 1 : durée, révision et dénonciation de l’accord  les dispositions du présent accord sont conclues pour une durée déterminée allant jusqu’au 31 décembre 2023.  le présent accord entrera en vigueur le lendemain du jour de son dépôt. la révision et la dénonciation de cet accord sont régies par les dispositions légales en vigueur.  toutes les modifications d’origine légale ou règlementaire s’appliqueront de plein droit au présent avenant.    article 2 : publicité et dépôt  conformément aux dispositions des articles l.2231-6 et d. 2231-2 du code du travail, le présent avenant est déposé auprès de la direccte (direction régionale des entreprises, de la concurrence, de la consommation, du travail et de l’emploi) dont relève le siège social de l’entreprise, ainsi qu’au greffe du conseil de prud’hommes de nanterre.    a rueil-malmaison, le 02/11/2022   fait en 6 exemplaires   pour les sociétés argedis et logedif,  , directeur des ressources humaines     pour les organisations syndicales,  la cgt, représentée par       la cfdt, représentée par          la cfe-cgc, représentée par   annexe 1      employes 7 % des salaires de base* agents de maîtrise 5 % des salaires de base* cadres 3.5 % des salaires de base*   agents de maîtrise 2% des salaires de base de la csp** agent de maîtrise cadres 3.5 % des salaires de base de la csp** cadre ",5.0
"lors du déroulement de la négociation, la direction générale et les délégations syndicales c.f.d.t., c.g.t. et f.o. ont trouvé un accord sur les augmentations générales des salaires pour le personnel contractuel de la régie haganis.  compte tenu de l’absence d’écart de rémunération entre les hommes et les femmes d’un même métier, il n’est pas ouvert de négociations à ce sujet.  il a été convenu ce qui suit :  article 1. champ d’application  le présent accord s’applique à l’ensemble des personnels contractuels de la régie haganis, recrutés avant le 1er novembre 2022.   article 2. date d’entrée en vigueur et contenu de l’accord  le présent accord est conclu dans le cadre des articles l.2233-1 et suivants du code du travail.   a compter du 1er novembre 2022 ont été accordées les augmentations générales des salaires suivantes pour le personnel contractuel de la régie haganis :  - catégorie ouvriers – employés – techniciens :  + 3,00 %  - catégorie techniciens supérieurs et maîtrise :   + 3,00 %  - catégorie cadres :   + 3,00 %  a compter du 1er janvier 2023 ont été accordées les augmentations générales des salaires suivantes pour le personnel contractuel de la régie haganis :  - catégorie ouvriers – employés – techniciens :   + 3,00 %  - catégorie techniciens supérieurs et maîtrise :   + 3,00 %  - catégorie cadres :   + 3,00 %   a compter du 1er juillet 2023 ont été accordées les augmentations générales des salaires suivantes pour le personnel contractuel de la régie haganis :  - catégorie ouvriers – employés – techniciens :   + 2,00 %  - catégorie techniciens supérieurs et maîtrise :   + 2,00 %  - catégorie cadres :   + 2,00 %      article 3. dépôt de l’accord  conformément aux dispositions réglementaires, le présent accord sera notifié à l’ensemble des organisations syndicales représentatives au sein de la régie haganis à l’issue de la signature.  il sera déposé en deux exemplaires (une version originale papier et une version sur support électronique) auprès de la dreets grand est de metz.  ",2.6666666666666665
"negociation annuelle obligatoire. les parties s’entendent sur les mesures suivantes : article 1 - dispositions relatives à tous les collaborateurs statutaires (ouvriers, employés, techniciens, agent de maîtrise, cadres).  a - enveloppe d’augmentation de la masse salariale.  augmentation générale différenciée (ag - oe), au 1er janvier 2023.  il est décidé une augmentation générale différenciée au 1er janvier 2023 pour l’ensemble des salariés ouvriers/employés (oe) et une augmentation générale de +0,50% au 1er septembre 2023 sur le salaire brut de base pour tout le personnel oe (pour un salarié à temps complet). cette ag différenciée à compter du 1er janvier 2023 se répartit comme suit sur les différents niveaux echelons : a noter que le salaire de base brut des salariés du niveau 1, échelons 1, 2 et 3, bénéficiera d’une augmentation à minima de 1,5% incluant la hausse du smic. en cas de revalorisation du smic au 1er janvier 2023 inférieure à 1,5%, l’entreprise prendra en charge la différence.  augmentation générale différenciée (ag - technicien), au 1er janvier 2023.  il est décidé une augmentation générale différenciée au 1er janvier 2023 pour l’ensemble des salariés techniciens (t) puis une augmentation individuelle de rattrapage de 0,30% au 1er mars 2023 sur le salaire brut de base pour tout le personnel technicien (pour un salarié à temps complet). cette enveloppe de 0,30% est donc « réservée » pour réaliser des « rattrapages » entrant dans le cadre des principes de notre politique salariale (égalité hommes/femmes, équité interne, …). et cette ag différenciée à compter du 1er janvier 2023 se répartit comme suit sur les différents niveaux echelons : augmentation générale et augmentation individuelle (ag & ai - agent de maitrise) au 1er janvier 2023.  il est décidé une augmentation générale à hauteur de 4% au 1er janvier 2023 pour l’ensemble des salariés agent de maitrise (am) puis une augmentation individuelle de 1% au 1er janvier 2023 sur le salaire brut de base pour tout le personnel am remplissant les critères de performances attendues (sous condition d’être présent de façon significative sur la période considérée et d’avoir au moins un an d’ancienneté) (pour un salarié à temps complet). augmentation générale et augmentation individuelle (ag et ai - cadre) avec plafond (fixé à 70 k€).  il est décidé à titre exceptionnel pour répondre au contexte d’inflation exceptionnel une augmentation générale à hauteur de 2,5% pour tout le personnel cadre sans critère de performance à compter du 1er janvier 2023. et une augmentation individuelle de 2,50% du salaire brut de base pour tout le personnel cadre à compter du 1er janvier 2023 remplissant les critères de performances attendues.",4.0
"négociation annuelle obligatoire. chapitre i - augmentations de salaire article 1 – enveloppe collective destinée aux augmentations individuelles pour l’année 2023 la population éligible à l’augmentation individuelle au mérite est définie comme suit : l’ensemble des collaborateurs en cdi relevant des avenants ii (techniciens et agents de maîtrise à partir du coefficient 250) et iii (cadres) de la convention collective des industries chimiques ayant plus de 6 mois d’ancienneté au 31 décembre 2022, présents dans les effectifs azdp au 1er janvier 2023, et n’ayant pas été absents plus de 6 mois en continu ou discontinu au cours de l’année 2022 (hors absence assimilée à du travail effectif par une disposition légale ou conventionnelle).   les collaborateurs bénéficiant d’un niveau de rémunération (salaire de base) supérieur à 120% du niveau de rémunération des salariés occupant des fonctions équivalentes au regard de l’enquête annuelle sur les rémunérations à laquelle participe azdp (référence marché mrp) ne sont pas éligibles à l’augmentation de salaire individuelle. article 2 – augmentation générale du salaire de base  la philosophie des augmentations de salaire au sein d’azdp reste l’augmentation individuelle au mérite. compte-tenu du contexte externe particulier lié notamment à l’augmentation significative des prix, une augmentation générale du salaire de base est décidée à titre exceptionnel en 2023.  la population éligible à l’augmentation générale du salaire de base est définie comme suit :  l’ensemble des collaborateurs en cdi ou en cdd relevant des avenants i (employés – ouvriers), ii (techniciens et agents de maîtrise) et iii (cadres) de la convention collective des industries chimiques présents dans les effectifs azdp au 1er janvier 2023. l’augmentation générale ne concerne pas les collaborateurs de l’avenant iii dont le coefficient est égal ou supérieur à 550 et faisant partie soit du comité de direction azdp, soit d’une organisation globale az (collaborateurs dits « hosted »). article 3 – enveloppe collective destinée aux augmentations individuelles et augmentation générale. coefficient  160 à 225 coefficient  250 à 360 coefficient  400-460-550  (hors codir) coefficient >= 550+ (membres codir ou « hosted ») augmentation générale du salaire de base mensuel 6% 5% 3% --- enveloppe augmentation individuelle au mérite*  --- 1% 3% 4% total  6% 6% moyenne de 5% moyenne de 5%   coefficient  160 à 225 coefficient  250 à 360 coefficient  400 - 460    augmentation générale mensuelle du salaire de base 30 € bruts 40 € bruts  50 € bruts       ",4.25
"négociation annuelle obligatoire. 4) proposition employeur majoration de la prime exceptionnelle de pouvoir d’achat (pepa) de : +100 € net pour les salariés ayant une ancienneté de plus de 10 ans et de moins de 20 ans au 31/12/2021, +150 € net pour les salariés ayant une ancienneté de plus de 20 ans au 31/12/2021. le versement de cette prime se fait dans les conditions définies à la d.u.e. établie par la direction le 17/12/2021. prime non-accident : attribution à compter du 1er janvier 2022 à tous les conducteurs zone longue (les conducteurs zone courte l’ayant déjà) et revalorisation de son montant à 30 € brut mensuel. veste stat : attribution à l’ensemble des conducteurs zone courte et zone longue. aux nouvelles embauches, après la période d’essai (2 mois) et si départ avant la fin du 6ème mois, cette veste sera facturée. la distribution s’effectuera au cours du 1er semestre 2022. revalorisation des salaires au 1er janvier 2022 de la grille conventionnelle des salaires du 1/11/2020 de : +3,5 % pour le personnel de quai, +3,2 % pour le personnel administratif, +5% pour le personnel conducteur.  les salariés hors grilles conventionnelles feront l’objet d’un traitement individuel.  a l’issue des négociations de la branche transports, nous nous calerons aux nouvelles grilles des salaires. il en sera de même pour les frais de déplacement.",
"négociation annuelle obligatoire. a l’issue des échanges, les parties ont convenu ce qui suit :  article 1 :  augmentation de salaire  catégorie ouvriers/ employés pour la catégorie ouvriers/employés dont l’ancienneté est supérieure à 2 ans, il sera procédé à une augmentation collective des rémunérations brutes de base de 3,3%.  cette mesure sera applicable au 1er avril 2022.  pour ceux qui auraient 2 ans d’ancienneté dans le courant de l’année, ils percevront une augmentation à date anniversaire du fait de la revalorisation de la grille de salaire selon le coefficient qui leur est attribué.  la grille de salaire est annexée.   catégorie agents de maîtrise pour la catégorie agents de maîtrise, il sera procédé à une augmentation collective des rémunérations brutes de base de 1,5%. cette mesure sera applicable au 1er mai 2022.  cadres pour la catégorie cadre, il sera procédé à des augmentations sous forme d’enveloppe globale de 0,5% répartie de manière individualisée.  cette mesure sera applicable au 1er mai 2022. article 4 : les parties conviennent que du fait des mesures sus visées, la revue de classification 2022 n’aura pas lieu à l’exception des changements de poste.  les parties conviennent de réévaluer la grille des salaires. la nouvelle grille est jointe en annexe à l’accord nao.  ces négociations représentent une augmentation annuelle de la masse salariale de 3,8%.",3.0
"négociation annuelle obligatoire 2022. article 1 - champ d’application de l’accord.  le présent accord s’applique à l’ensemble du personnel de l’entreprise sauf disposition spécifique précisée dans l’accord.  article 2 – les salaires effectifs  revalorisation du taux horaire brut de 5% pour l’ensemble des conducteurs, avec effet rétroactif,  applicable au 1er janvier 2022 soit 150m : 11,607€ / heure. revalorisation du taux horaire brut de 1% pour l’ensemble des conducteurs applicable au 1er mai 2022 soit 150m : 11,723€ / heure. revalorisation du taux horaire brut de 3% pour l’ensemble du personnel non-roulant, avec effet rétroactif, applicable au 1er janvier 2022 (grille des salaires en annexe). revalorisation du taux horaire brut de 0,5% pour l’ensemble du personnel (hors cadres) applicable au 1er septembre 2022 si le résultat d’exploitation au 31 août 2022 (base répartition des charges du compte de résultat modèle décembre 2022 et comparable au budget) est au moins égal à -400k€.  il est rappelé que la rémunération des cadres est individualisée et sera abordée en conséquence lors d’entretiens individuels. article 3 – primes prime d’astreinte service exploitation : revalorisation de 10€ bruts de la prime d’astreinte téléphonique mensuelle pour les agents d’exploitation et les responsables d’exploitation soit 260,00€ bruts par mois, au prorata du temps de présence. cette revalorisation prendra effet au 1er mars 2022. prime de salissure service technique : revalorisation de 10€ bruts de la prime de salissure mensuelle pour les mécaniciens et les chefs d’équipe soit 110,00€ bruts par mois, au prorata du temps de présence. cette revalorisation prendra effet au 1er mars 2022. prime service facturation et secrétariat technique : création d’une prime annuelle de 150,00€ bruts pour le personnel du service facturation et le secrétariat technique. deux critères seront définis entre la direction et les salariés concernés lors d’un entretien individuel.",4.0
"négociation sur les évolutions de rémunération tenues le 19 octobre et le 02 novembre 2021, un accord a été trouvé pour l’année 2022. au terme de ces 2 réunions, il a été convenu ce qui suit :  entre la société delifrance, 99 rue mirabeau, ivry sur seine (94), représentée par xxx, directeur des ressources humaines, d’une part, et  la confédération française démocratique du travail (c.f.d.t.), représentée par xxx, la confédération française de l'encadrement - confédération générale des cadres (c.f.e.-c.g.c.), représentée par xxx, la confédération générale du travail (c.g.t.), représentée par xxx, force ouvrière (f.o.), représentée par xxx,  d’autre part.  article 1 – revalorisation des salaires de base pour les catégories ouvriers, employés, techniciens et agents de maîtrise les salaires mensuels bruts de base sont revalorisés avec effet au 1er janvier 2022, pour les catégories de personnel ouvriers, employés, techniciens et agents de maîtrise selon les critères suivants :  oe2 et oe3 : 3.20% oe4 : 2.90% oe5 : 2.70% oe6 : 2.60% oe7 : 2.30% ta1 : 1.90% ta2 : 1.75% ta3 : 1.60% ta4 : 1.45% ta5 : 1.35%  article 2 – prime d’ancienneté pour les catégories ouvriers, employés, techniciens et agents de maîtrise au 1er janvier 2022, la prime d’ancienneté pour les catégories ouvriers, employés, techniciens et agents de maîtrise est portée à :  1% du salaire de base brut pour 1 an d’ancienneté ; 2% du salaire de base brut pour 2 ans d’ancienneté. la prime d'ancienneté est versée mensuellement et est proportionnelle au salaire brut de base du mois.   article 3 – mise en place d’une participation employeur aux repas du personnel administratif des sites de production la direction s’engage à étudier une solution concernant la participation aux frais de repas du personnel administratif des sites de production en vue d’une mise en place au 1er juillet 2022.",
"negociation annuelle obligatoire 2022   entre les organisations syndicales :   pour la cfdt usine biars  xxx xxx pour la cfdt siège  xxx xxx pour la cfdt usine boin  xxx xxx  pour la cgt usine biars  xxx xxx pour la cgt siège   xxx xxx pour la cfe-cgc siège  xxx xxx   et la direction de l’entreprise représentée par xxx xxx, agissant en qualité de directeur des ressources humaines,    après discussions entre elles, lors des réunions des  4/16 et 24 novembre 2021, les parties ont conclu le présent protocole d’accord portant sur la négociation annuelle obligatoire 2022 par anticipation.   1/ augmentation générale de 3.5% pour les salariés statut ouvrier/ employé : application paye janvier 2022,   2/ augmentation générale de 3% pour les salariés statut tam : application paye janvier 2022,   3/ augmentation de la prime de samedi , passage de 28 euros brut à 30 euros brut : application paye janvier 2022,   4/ intégration de la prime d’ancienneté des cadres dans le calcul de prime annuelle des cadres : application paye novembre 2022.(mois de versement habituel de la prime annuelle),   5/ une clause de revoyure est actée et sera déclenchée si la situation le nécessite.",3.0
"negociations annuelles obligatoires. la direction et les organisations syndicales ont trouvé un accord sur une proposition  qui est composée des mesures suivantes :   i – remunerations  sont prévus :  pour les catégories ouvriers et employés, une augmentation générale des salaires individuels de base de  2.8% au 1er mars 2022.  pour les les techniciens et agents de maîtrise :  une augmentation générale des salaires individuels de base de 2.6% au 1er mars 2022 un budget d’augmentation individuelle de 0,2% au 1er mars 2022   ii – prime de nuit  barilla france augmentera la prime de nuit ( majoration de nuit ) et la portera ainsi de 27% à 28% à compter de la paie de mars 2022.    iii – mutuelle  harmonisation du régime de couverture maladie et augmentation de la contribution employeur de 15€/mois sur la partie obligatoire  à compter du 1er janvier 2022.  iv – evenement familial  barilla france prendra en charge 5 jours de congés en cas de décès du conjoint du salarié à compter du 1er mars 2022 dans les règles applicables au sein de l’entreprise pour les évènements familaux.  v - dialogue social 2022  barilla france réaffirme sa volonté de dialogue social et a convenu en accord avec les organisations syndicales de concentrer les discussions sur les thèmes prioritaires suivants :  egalité homme femme smartworking 3.0 contrat de génération polyvalence/polycompétence un calendrier de négociation devra être établi ultérieurement pour les sujets ci-dessus. vi - depot  conformément aux dispositions des articles d 2231-2 et suivants du code du travail, le présent procès-verbal fera l’objet d’un dépôt : en 1 version sur support électronique auprès des services de la dreets des hauts de seine. en 1 exemplaire au secrétariat greffe du conseil de prud’hommes de boulogne billancourt. une copie sera remise à chacun des signataires de l’accord.",2.6
"negociation annuelle obligatoire 2022   entre les organisations syndicales :  pour la cfdt   xxxxx pour la cgt    xxxxx pour fo    xxxxx pour la cfe-cgc   xxxxx  et la direction de l’entreprise représentée par xxxxx, agissant en qualité de directeur des ressources humaines,  après discussions entre elles, lors des réunions des  4/16 et 24 novembre 2021, les parties ont conclu le présent protocole d’accord portant sur la négociation annuelle obligatoire 2022 par anticipation.   1/ augmentation générale de 3.5% pour les salariés statut ouvrier/ employé : application paye janvier 2022,  2/ augmentation générale de 3% pour les salariés statut tam : application paye janvier 2022,  3/ augmentation de la prime de samedi , passage de 28 euros brut à 30 euros brut : application paye janvier 2022,  4/ intégration de l’ensemble des variables dans le calcul de la prime annuelle des non cadres : application paye novembre 2022 (mois de versement habituel de la prime annuelle),  5/ intégration de la prime d’ancienneté des cadres dans le calcul de prime annuelle des cadres : application paye novembre 2022.(mois de versement habituel de la prime annuelle),  6/ une clause de revoyure est actée et sera déclenchée si la situation le nécessite.  le présent accord fera l’objet des formalités de dépôt réglementaire dès signature.  fait à biars le 1er décembre 2021   pour la direction  pour la cfdt  pour la cgt  pour fo  pour la cfe-cgc ",3.0
"politique salariale pour les salariés classifiés « ouvriers », « administratifs », « techniciens », « agents de maitrise » et « cadres » pour l’année 2022 6.1. budget pour les salariés classifiés « ouvriers », « administratifs » et « techniciens » un budget global de 3.9% de la masse salariale des « ouvriers/administratifs/techniciens » pourra être distribué en totalité pour la politique salariale 2022. il sera attribué de la façon suivante : 2.2% au titre de l’augmentation générale 1.7% au titre des augmentations individuelles. la masse salariale retenue est définie à l’article 3. 6.2. budget pour les salariés classifiés« agents de maitrise » un budget global de 3.9% de la masse salariale des « agents de maitrise » pourra être distribué en totalité pour la politique salariale 2022. il sera attribué de la façon suivante : 2.2% au titre de l’augmentation générale 1.7% au titre des augmentations individuelles. la masse salariale retenue est définie à l’article 3. 6.3. budget pour les salariés classifiés « cadres » un budget global de 3.9% de la masse salariale des « cadres » pourra être distribué en totalité pour la politique salariale 2022. il sera attribué de la façon suivante : 2.2% au titre de l’augmentation générale 1.7% au titre des augmentations individuelles. la masse salariale retenue est définie à l’article 3. 6.4. budget global des augmentations individuelles le cumul des budgets des catégories définies aux articles 6.1 à 6.3 ne devra pas dépasser 1.7% de la masse salariale globale de la société, telle que définie à l’article 3. 6.5. budget supplémentaire un budget supplémentaire, à la discrétion de la direction, pourra être utilisé pour les revalorisations salariales et les promotions. 6.6. révision du budget 2022 en cas de réouverture des négociations au sein de airbus defence and space sas au cours de l’année 2022, la direction d’airbus flight academy europe s’engage à rouvrir elle aussi de nouvelles négociations. article 7 – augmentation minimale pour l’année 2022 7.1. augmentation générale il est convenu que l’augmentation générale d’un salarié ne saurait être inférieure à 80€ brut mensuel. la somme sera proratisée en cas de temps partiel ou de forfait jours réduits. 7.2. augmentation individuelle les augmentations individuelles seront attribuées selon l’évaluation des objectifs atteints en 2021, réalisée lors de l’entretien annuel d’évaluation 2022. pour les salariés présents en 2021 et ceux recrutés depuis le 1er janvier 2022, n’ayant pas bénéficié de l’évaluation des objectifs 2021 (arrêt de travail sur la période des entretiens, arrivée fin 2021…), l’augmentation individuelle fera l’objet d’un échange entre l’encadrement et la responsable ressources humaines",
"négociation annuelle obligatoire 2022 accord d’entreprise entre : la société mdo, maroquinerie des orgues, 1070, avenue de la gare, 19110 bort les orgues n° siren 523 967 198 représentée par monsieur, agissant en qualité de directeur de site, d’une part et le syndicat cgt, représenté par madame, déléguée syndicale, le syndicat fo représenté par mesdames et, déléguées syndicales, le syndicat cfe-cgc représenté par mesdames et, déléguées syndicales, d’autre part dans le cadre de la négociation annuelle obligatoire pour l’année 2022, la direction et les partenaires sociaux se sont rencontrés les : 2 mars 2022 à 15h30 30 mars à 15h00 20 avril 2022 à 14h00 la direction était représentée également par : monsieur, directeur des ressources humaines groupe, monsieur, directeur du site industriel bort 1, madame, responsable des ressources humaines sites. a l’issue de la négociation annuelle obligatoire 2022, il a été convenu ce qui suit : préambule. la négociation annuelle obligatoire 2022 a porté sur les sujets suivants : rémunération, temps de travail et partage de la valeur ajoutée ; egalité professionnelle et qualité de vie au travail. il est ici rappelé que le thème du partage de la valeur ajoutée dans l’entreprise fait l’objet d’accords spécifiques portant sur la participation et l’intéressement. concernant le thème de la qualité de vie au travail, le personnel dispose également actuellement d’une couverture prévoyance mise en place par accord collectif article 4. dispositions concernant les rémunérations. augmentation des rémunérations du personnel statut ouvrier et employé, applicable au 1er janvier 2022 : augmentation générale de +2,5% sur le salaire de base brut du salarié arrêté au 31 décembre 2021. une enveloppe d’augmentation individuelles de 1,8% de la masse salariale brute arrêtée au 31 décembre 2021. il est précisé qu’une augmentation individuelle sera d’un montant minimal de 30 € bruts. un processus d’arbitrage et validation est mis en place impliquant le n+1, le n+2, le rh et la direction. augmentation des rémunérations du personnel statut technicien et agent de maîtrise, applicable au 1er janvier 2022 : augmentation générale de +1,6% sur le salaire de base brut du salarié arrêté au 31 décembre 2021. une enveloppe d’augmentations individuelles de +2,7% de la masse salariale brute arrêtée au 31 décembre 2021. il est précisé qu’une augmentation individuelle sera d’un montant minimal de 30 € bruts. un processus d’arbitrage et validation est mis en place impliquant le n+1, le n+2, le rh et la direction. salaire à l’embauche a compter du 1er mai 2022, tout nouvel embauché dans la société dans le cadre d’un contrat à durée indéterminée ou déterminée sera intégré sur un salaire de base minimal de 1680€ brut mensuel  ",
"dispositions concernant les rémunérations. augmentation des rémunérations du personnel statut ouvrier et employé, applicable au 1er janvier 2021 : augmentation générale de + 1.5% sur le salaire de base brut du salarié arrêté au 1er janvier 2021. augmentation des rémunérations du personnel statut technicien et agent de maîtrise, applicable au 1er janvier 2021: statut technicien et agent de maîtrise : augmentation générale de +0.4% sur le salaire de base brut du salarié arrêté au 1er janvier 2021. une enveloppe d’augmentations individuelles de 1.1% de la masse salariale brute du collège technicien et agent de maîtrise arrêtée au 1er janvier 2021. prime de panier la prime de panier est augmentée de 0.15€ selon la répartition suivante : - 0.15€ brut sur la prime de panier brute portant la prime de panier à 10.26€/panier à compter du 1er mai 2021. titre restaurant a compter du 1er mai 2021, la part patronale passe de 52% à 55%. pour rappel, les conditions d’attribution sont les suivantes : -un titre restaurant par jour travaillé avec une pause déjeuner dans une limite de 10 titres restaurant par mois. journée enfant hospitalisé et malade la direction reconduit et améliore le dispositif pour l’ensemble du personnel en autorisant 3 journées d’absence pour enfant malade dont 3 journées rémunérées. ces trois journées constituent trois jours de congés rémunérés supplémentaires. les conditions sont les suivantes : mise en place pour les enfants jusqu’à 16 ans. transmission d’un certificat médical mentionnant la nécessaire présence parentale fourniture d’un certificat prouvant que le conjoint ne bénéficie pas de mesures identiques dans son entreprise pas de cumul avec le conjoint si celui-ci travaille au sein de l’entreprise mdo. cette disposition ne se cumulant pas avec les droits jours accordés pour l’hospitalisation d’un enfant. mutuelle la direction s’engage sur l’année à faire un état des lieux des contrats mutuelle mdo et à travailler sur une harmonisation avec le groupe. perco la direction s’engage à donner les informations transmises par le cic sur le versement des jours de repos non pris dans le perco. enveloppe cse œuvres sociales la crise sanitaire a fortement perturbé l’activité du cse sur l’année 2020 : -le montant des subventions a diminué en 2020 suite à la mise en place de l’activité partielle. -l’arrêt des machines de distribution de boissons et de confiseries a entraîné une perte financière pour le cse. -le cse verse une enveloppe individuelle entre 156 euros et 273 euros aux salariés médaillés du travail. la promotion 2021 comporte 39 personnes et représentent un budget de 6552€ pour le cse central.",
"protocole d’accord des negociations annuelles 2022 au sein de l’entreprise transdev normandie manche   entre les soussignes :  la société  la société transdev normandie manche, s.a.s. au capital de 546704 euros, inscrite au registre du commerce et des sociétés de coutances sous le numéro 401.551.882.00012, dont le siège social est situé valognes. société représentée par mme , directrice, en vertu des mandats dont elle dispose.  d’une part,  l’organisation syndicale cgt, représentée par m. , dûment habilité aux fins des présentes.  d’autre part.   preambule  conformément à l'article l. 2242-1 du code du travail, les négociations annuelles obligatoires pour l’exercice 2022 ont été engagées au sein de la société transdev normandie manche entre la direction et le délégué syndical le 02 février 2022.   les documents suivants ont été remis et commentés lors de la 2ème séance du 22 février 2022 : le rapport de situation comparée en matière d’égalité salariale entre les hommes et les femmes au sein de l’établissement pour l’année 2021, le rapport de situation des travailleurs en situation de handicap au sein de l’entreprise pour l’année 2021, la note de l’insee relative à l’inflation de décembre 2021.    la rémunération, le temps de travail et le partage de la valeur ajoutée, l’égalité professionnelle entre les femmes et les hommes dans l’entreprise et la qualité de vie au travail.  le présent accord se substitue à tous les accords collectifs, usages, accords atypiques, pratiques ou engagements unilatéraux antérieurement appliqués au sein de l’entreprise et portant sur le même objet que les points traités ci-après.  les accords collectifs concernés se trouvent donc révisés sur ces différents points de la manière suivante :   article 1 – negociation sur la remuneration, le temps de travail et le partage de la valeur ajoutee  article 1.1 – rémunération  1. augmentation du taux horaire  la prime de sinistralité est supprimée à compter du 01/01/22 en vue d’être réintégrée en moyenne dans le taux horaire des collaborateurs conducteurs. a compter du 1er/01/22, le taux horaire brut de la grille de salaire applicable aux conducteurs / conductrices et les primes différentielles sont augmentés de 3% (grille de salaire annexée au présent accord).",
"proces verbal d’accord négociations annuelles obligatoires 2022 concernant le 2ème collège : agent de maitrise   entre les soussignés :  aeropass, dont le siège est situé 4-6 rue heinz gloor bp 81059 - 95933 roissy cdg cedex, siret 432683456, représentée par le directeur d’activités,  d’une part,    et   les délégués syndicaux :  pour le syndicat cfe – cgc représenté par m.   pour le syndicat cftc représenté par m.   préambule  les négociations annuelles obligatoires pour l’exercice 2022 ont été engagées au sein de la société aeropass entre la direction et les délégués syndicaux le 14 octobre 2021, dans le respect de l’article l.2242-1 du code du travail.  les thèmes suivants ont fait l’objet de négociation sur la rémunération, le temps de travail et le partage de la valeur ajoutée dans l’entreprise ainsi que sur l’égalité professionnelle femmes/hommes et la qualité de vie au travail.  a l’issue de plusieurs réunions entre les partenaires, réalisées respectivement le 14 octobre 2021, le 27 octobre 2021 et le 9 novembre 2021, les parties sont parvenues à la signature du présent accord. la direction confirme aux représentants du personnel le maintien de sa position exprimée tout au long des réunions de nao et les parties ont convenu ce qui suit :       champ d’application :  le présent protocole s’applique à l’ensemble du personnel agent de maîtrise, titulaires d’un contrat cdi et cdd à temps complet ou à temps partiel à la date de signature du présent protocole d’accord, sous réserve qu’ils remplissent les obligations qui découlent dudit contrat.   article 1 : augmentation du salaire de base à compter du 1er janvier 2022 de 1,2%:    l’augmentation de 1,2% sur le salaire brut de base de janvier 2022 s’applique également aux agents de maitrises administratifs.   article 2 – prime d’objectif :  la prime d’objectif est augmentée de 2% et passe donc à 6% au lieu de 4%.  salaire de base x 13 x 6% au prorata temporis calculés sur la période du 1er janvier au 31 décembre de l'année considérée.   article 3 – télétravail :  l’accord concernant le télétravail concerne les agents de maîtrises administratifs.  2 jours de télétravail par semaine 1 journée supplémentaire sera possible avec l’accord écrit de la hiérarchie  un montant de 15,00 par mois sera attribué aux télétravailleurs sur présentation d’une note de frais.     ",1.5
"entre les soussignes : la société la société transdev normandie interurbain, etablissement du calvados, s.a.s au capital de 529 030 euros, inscrite au registre du commerce et des sociétés de caen sous le numéro 487 911 505 0029, dont le siège social est situé 10, boulevard industriel – cs 20 234 – 76304 sotteville les rouen cedex. société représentée par, agissant en qualité de directeur d’établissement, en vertu des mandats dont il dispose. d’une part, les organisations syndicales fo, représentée par, dûment habilité aux fins des présentes,  cfdt, représentée par, dûment habilité aux fins des présentes, d’autre part.  preambule conformément à l'article l. 2242-1 du code du travail, les négociations annuelles obligatoires pour l’exercice 2022 ont été engagées au sein de la société transdev normandie interurbain, etablissement du calvados entre la direction et les délégués syndicaux le 27 janvier 2022. les accords collectifs concernés se trouvent donc révisés sur ces différents points de la manière suivante :   article 1 – négociation sur la rémunération, le temps de travail et le partage de la valeur ajoutée  a titre exceptionnel et dérogatoire, compte tenu des évènements émanant de la crise sanitaire et des enjeux pesant sur l’activité de l’établissement transdev normandie interurbain, etablissement du calvados, les mesures ci-dessous s’appliqueront à partir du 1er janvier 2022, ce qui ne remet pas en cause nos calendriers habituels des années passées.  article 1.1 rémunération 1. augmentation du taux horaire a compter du 1er janvier 2022, le taux horaire pour les ouvriers (conducteurs et personnel de l’atelier non forfaitisé) est augmenté de 2,7% (sur la base du taux horaire en vigueur au 31 décembre 2021).  a compter du 1er mars 2022, la prime complémentaire cps de 0,12€ par heure contractuelle sera supprimée et remplacée par une augmentation du taux horaire de base des conducteurs portée à +3,3% (sur la base du taux horaire en vigueur au 31 décembre 2021).     ",
"négociations annuelles obligatoires 2022 protocole d’accord sur les salaires et les conditions de travail 2022  entre la direction de transdev le havre représentée par monsieur  et le syndicat cgt, représenté par monsieur  le syndicat fo, représenté par monsieur  le syndicat unsa, représenté par messieurs  le syndicat ust, représenté par monsieur   conformément à l’article l.2242-1 du code du travail, le présent accord est établi à l’issue de trois réunions de négociation entre la direction et les organisations syndicales, qui se sont tenues le 24 novembre 2021, le 14 décembre 2021 et le 4 janvier 2022. les thèmes suivants ont fait l’objet de négociation : la rémunération, le temps de travail et le partage de la valeur ajoutée.  article 1 – champs d’application le présent accord concerne, sauf mention contraire, l’ensemble du personnel de transdev le havre, hors les salariés cadres et agents de maîtrise forfaitisés. il sera tenu compte de cette augmentation dans la détermination des augmentations individuelles des agents de maîtrise forfaitisés.  article 2 – point 100 la valeur du point 100 au 1er décembre 2021, soit 9,2835 euros, est portée à  9,5620 euros soit + 3% par rapport à décembre 2021. a titre exceptionnel et dérogatoire compte tenu des événements émanant de la crise sanitaire liée au covid-19, la direction accepte que cette augmentation soit applicable au 1er janvier 2022.   article 3 – mutuelle a titre exceptionnel, la direction prendra en charge en 2022 l’augmentation de la cotisation au régime frais de santé des salariés non-cadres applicable au 1er janvier 2022. cette prise en charge ne saurait dépasser le montant de l’augmentation appliquée au 1er janvier 2022 à la cotisation d’un salarié isolé sans ayant droit. cette prise en charge supplémentaire est intégrée à la participation de l’employeur au financement du régime frais de santé des salariés non-cadres.  article 4 - substitution aux autres accords portant sur le même thème les dispositions et mesures du présent accord se substituent en tous points aux accords, pratiques et usages en vigueur au sein de transdev le havre et portant sur les mêmes thèmes.  article 5 - publicité le présent accord est établi en un nombre suffisant d’exemplaires pour remise à chacune des parties signataires et déposé, dans les conditions prévues aux articles d. 2231-2 et d. 2231-4 du code du travail, par le représentant légal de l’entreprise sur la plateforme de téléprocédure du ministère du travail. un exemplaire sera également remis au greffe du conseil de prud’hommes compétent. il est notifié à l’ensemble des organisations syndicales représentatives dans l’entreprise.    ",3.0
"   augmentation générale des salaires de 5% sur le salaire réel et non sur la grille. instauration d’une prime d’ancienneté selon les modalités suivantes : 16% après 20 ans d’ancienneté 16.5% après 25 ans d’ancienneté 17% après 30 ans d’ancienneté .   la direction a également mentionné l’évolution de la masse salariale d’environ 12% sur une période d’an. postes de technicien/technicienne :   salariés ayant bénéficié d’une augmentation du salaire de base lors de la revalorisation de la grille de la ccn au 01/05/22 comprise en 0.40% et 0.55% : une augmentation du salaire de base sera effectuée à hauteur de 2.75%. salariés ayant bénéficié d’une augmentation du salaire de base lors de la revalorisation de la grille de la ccn au 01/05/22 comprise entre 0.56% et 0.69% : une augmentation du salaire de base sera effectuée à hauteur de 2.50% salariés ayant bénéficié d’une augmentation du salaire de base lors de la revalorisation de la grille de la ccn au 01/05/22 comprise entre 1.50% et 1.70% : une augmentation du salaire de base sera effectuée à hauteur de 1%. salariés ayant bénéficié d’une augmentation du salaire de base lors de la revalorisation de la grille de la ccn au 01/05/22 comprise entre 2.50% et 2.60% : une augmentation du salaire de base sera effectuée à hauteur de 0.5%. salarié ayant bénéficié d’une augmentation du salaire de base lors de la revalorisation de la grille de la ccn au 01/05/22 supérieure ou égale à 3% : il ne sera pas procédé à une nouvelle revalorisation du salaire de base. pour les autres situations, une revalorisation du salaire de base à hauteur de 3% sera effectuée.  postes d’infirmier/infirmière :  revalorisation du salaire de base à hauteur de 2.5%.   autres postes     ",5.0
"– contenu de l’accord salaires effectifs  augmentation collective a titre exceptionnel, pour récompenser l’investissement dont les salariés ont fait preuve durant la crise sanitaire, une revalorisation générale des salaires sera accordée à tous les salariés de la société bio 29 dans les conditions suivantes :  le montant mensuel de cette revalorisation sera fixé à :  55 € bruts mensuels pour les ide et les techniciens ;  45 € bruts mensuels pour toutes les autres fonctions.  pour bénéficier de cette revalorisation exceptionnelle, les salariés devront cumulativement :  avoir une ancienneté d’au moins 12 mois à la date d’entrée en vigueur du présent accord,  ne pas avoir bénéficié d’une augmentation de salaire individuelle au cours des trois derniers mois précédant l’entrée en vigueur du présent accord.  revalorisation de la grille de rémunération interne propre à bio 29 dans le but de valoriser les filières techniciens, ide, secrétaires et coursiers, populations majoritairement représentées au sein de la selas bio 29, les salaires de base minimum bruts mensuels de ces salariés, seront revalorisés de la façon suivante, étant précisé que les minima salariaux ci-après s’entendent d’une rémunération mensuelle versée sur 12 mois.    techniciens (coefficients 270 à 290) tous les techniciens seront positionnés à un coefficient minimum de 270, correspondant à un salaire de base minimum de 1 950 € bruts mensuels pour un temps plein (35 heures par semaine ou 151,67 heures par mois).   secrétaires (coefficients 230 à 270)   tous les secrétaires seront positionnés à un coefficient minimum de 230, correspondant à un salaire de base minimum de 1 730 € bruts mensuels pour un temps plein (35 heures par semaine ou 151,67 heures par mois).   ",
"negociation annuelle obligatoire remunerations. il a ete convenu ce qui suit :  article 1er : champ d’application de l’accord le présent accord s’applique à l’ensemble du personnel de la société.  article 2 : duree de l’accord et date d’effet  le présent accord est conclu pour une durée déterminée d’un an, soit du 1er janvier au  31 décembre 2022. a l’issue, il cessera de produire effet. les parties se sont réunies dans le cadre de la négociation sur la rémunération. elles ont abordé dans ce cadre les salaires effectifs, le temps de travail et le partage de la valeur ajoutée au sein de l'entreprise.  l’évolution des salaires effectifs moyens par catégorie professionnelle et par sexe a été préalablement étudiée.  article 3 : les salaires effectifs   augmentation générale des salaires a compter du 1 janvier 2022, il est décidé une hausse des salaires de : +3,0 % sur les salaires réels alloués aux ouvriers et aux etam jusqu’au coefficient d inclus, +2.5 % sur les salaires réels alloués aux etam des coefficients de e à h. application sur les salaires d’avril 2022 avec effet rétroactif au 1er janvier 2022.   a compter du 1 février 2022, il est décidé une hausse des salaires de : +2,5 % sur les salaires réels alloués aux cadres. application sur les salaires d’avril 2022 avec effet rétroactif au 1er février 2022.  les parties rappellent que l’accord de nao conclu précédemment prévoyait les revalorisations suivantes : - du 1er janvier 2021 au 31 décembre 2021 : +1,6 % sur les salaires réels alloués aux ouvriers et aux etam jusqu’au coefficient d inclus, +1,1 % sur les salaires réels alloués aux etam des coefficients de e à h. application sur les salaires de juillet 2021 avec effet rétroactif au 1er janvier 2021.  - du 1er février 2021 au 31 janvier 2022 : +1,1 % sur les salaires réels alloués aux cadres. application sur les salaires de juillet 2021 avec effet rétroactif au 1er février 2021.    article 4 : la duree effective et l’organisation du temps de travail   les partenaires ont commenté l’ensemble des données du bilan annuel.  pas de modification à l’accord du 20 décembre 2000.  article 5 : l’interessement, la participation et l’epargne salariale   un accord de participation signé le 10 juillet 1992 et amendé par des avenants du 20 juin 1995, du 27 mars 1998 et du 25 mars 2010, reprenant les dispositions légales, est toujours en vigueur.   un avenant à l’accord de participation du 29 novembre 2012 a instauré la mise en place d’un plan d’epargne d’entreprise.  un accord d’intéressement, signé le 25 juin 2021 a été conclu pour la période du 1 janvier 2021 au 31 décembre 2023.",
"negociation annuelle sur les salaires, la duree effective et l’organisation du temps de travail pour l’exercice 2022    entre :   la société ingénierie des systèmes avancés de l’artois, représentée par xxxxxxxxx, agissant en qualité de président, et en vertu des pouvoirs qui lui ont été donnés, absent et représenté par xxxxxxxxx, chef d’entreprise  et   f.o., représentée par xxxxxxxxxx, délégué syndical.    rémunérations  les salaires seront révisés individuellement à partir du 1er janvier 2022 pour l’ensemble des collaborateurs ayant un an de présence, en tenant compte de l’évolution du coût de la vie et représentant en moyenne pour l’entreprise une augmentation de la masse salariale de 4.05 %.  les différents chiffres par catégories sont repris dans tableau évolution salariale 2021/2022.   prime de saint eloi  après échange avec les délégués syndicaux, la prime de saint eloi reste à 55€ brut par salarié.  travaux du dimanche  un accord sur les travaux du dimanche a été signé le 16 avril 2012 pour une durée indéterminée, cet accord précise les conditions de travail le dimanche pour l’entreprise.   fait à tilloy-les-mofflaines , le 23 décembre 2021.    xxxxxxxxxxx                            xxxxxxxxxxxx    délégué fo                               chef d’entreprise       effectif % augmentation variation cadres présents/présents : variation cadres présents/présents : variation cadres présents/présents : 22,00 4.31% variation etams présents/présents : variation etams présents/présents : variation etams présents/présents : 15,00 3.99% variation ouvriers présents/présents : variation ouvriers présents/présents : variation ouvriers présents/présents : 11,00 3.27% variation présents sur présents : variation présents sur présents : variation présents sur présents : 48 4.05%      evolution masse salariale   2 021 2 022 % augmentation   1 750 777 € 1 821 683 € 4.05% ",
"négociations annuelles obligatoires. chapitre 2 : budget prévisionnel d’augmentation de la masse salariale en 2022  répartition des augmentations en 2022  les augmentations générales et individuelles seront appliquées avec effet rétroactif au 1er janvier 2022, pour les salariés ayant une ancienneté d’au moins 1 an à cette date.  elles seront appliquées comme suit :    statut ouvrier :   enveloppe de 3,5 % en augmentation avec un minima de 2 % d’augmentation générale.  statut etam :  enveloppe de 3,5 % en augmentation avec un minima de 2 % d’augmentation générale.  statut cadre :   enveloppe de 3,5 % en augmentation avec un minima de 1,5 % d’augmentation générale.   les augmentations individualisées seront attribuées en cas de nécessités identifiées de rattrapage salarial et également en reconnaissance d’une contribution particulière sur 2021.   participation et intéressement sur les résultats de l’exercice 2020/2021  les résultats ont permis une distribution des résultats à tous, selon les termes réglementaires et ceux de l’accord d’intéressement, en août 2021. cette distribution a représenté environ 69% d’un salaire mensuel brut. cet accord est arrivé à son terme le 31 mars 2021, date de clôture de l’exercice 2020/2021.  un nouvel accord d’intéressement a été signé le 20 septembre 2021 couvrant trois années fiscales, soit jusqu’au 31 mars 2024.   egalité femmes/hommes au regard des rémunérations  un accord relatif à l’egalité professionnelle est applicable depuis le 18 mai 2020. il couvre une période de 3 ans et prévoit un plan d’action sur les sujets suivants : etudes des écarts potentiels de rémunération entre hommes et femmes, accès à la formation professionnelle, articulation vie professionnelle/vie privée.  conformément aux actions prévues dans l’accord, un bilan sera présenté au cse.",2.0
"négociation annuelle obligatoire. article 2 – augmentations générales  les augmentations générales décidées dans le présent article ne s’appliquent pas aux alternants, ceux-ci bénéficiant d’une grille de rémunération spécifique.  pour les collaborateurs de la catégorie « employés » ayant 6 mois d’ancienneté dans l’entreprise à la date du 1er mars 2022, une augmentation générale de 3% du salaire mensuel brut de base s’appliquera à compter du 1er mars 2022.  pour les collaborateurs de la catégorie « agents de maîtrise » ayant 6 mois d’ancienneté dans l’entreprise à la date du 1 er mars 2022, une augmentation générale de 2% du salaire mensuel brut de base s’appliquera à compter du 1er mars 2022.   pour les collaborateurs de la catégorie « cadres » ayant 6 mois d’ancienneté dans l’entreprise à la date du 1er mars 2022 et dont le salaire mensuel brut de base est inférieur à 4000 €, une augmentation générale de 1,70% du salaire mensuel brut de base s’appliquera à compter du 1er mars 2022.    article 3 - augmentations individuelles  pour l’année 2022, des augmentations individuelles pourront être pratiquées, sur décision du manager. les enveloppes globales destinées aux augmentations individuelles sont fixées à :   0,30% de la masse salariale pour les collaborateurs appartenant à la catégorie agents de maitrise 0,60% de la masse salariale pour les collaborateurs appartenant à la catégorie cadres dont le salaire brut de base est inférieur à 4000 € 1,80% de la masse salariale pour les collaborateurs appartenant à la catégorie cadres dont le salaire brut de base est égal ou supérieur à 4000 €  la part destinée à ces augmentations individuelles ne comprend pas les promotions résultant d’un changement de métier associé à un changement de coefficient et/ou de statut, ni les évolutions automatiques d’échelon.  de même, la part destinée à ces augmentations individuelles ne comprend pas les augmentations individuelles automatiques attribuées aux salariées de retour de congés maternité.  l’attribution des augmentations individuelles sera précisée par des principes directeurs formalisés dans une lettre de cadrage à destination des managers et responsables ressources humaines.",2.0
"negociations annuelles obligatoires 2022article 2 – mesures salariales  2.1 augmentation des salaires. catégorie augmentation générale augmentation individuelle employés 2,80 % 0,20 % agents de maîtrise 2,00 % 1,00 % cadres  3,00 %    taux horaire applicable 01/01/2022 en euros taux horaire applicable 01/01/2022 après modification en euros salaire mensuel minimum garanti (base 159,25 h)",
"article 1 grille de salaire et salaire reel   les dispositions de cet article s’appliqueront à compter du 1er avril 2022.  1-1. collaborateurs ayant le statut « employés »   1.1.1 augmentation collective statut « employés »   il est décidé à compter du 1er avril 2022, d’accorder une hausse collective de la grille de salaire electro depot de 2.5% sur l’ensemble des niveaux échelons.  en conséquence, les salaires bruts seront fixés, en fonction du niveau échelon, de :       1.1.1 augmentation individuelle  statut « employés »  a cette augmentation collective de 2.5% des taux horaires vient s’ajouter un budget supplémentaire d’augmentation de 0,5% afin de répondre aux changements de niveau échelon décidés après les collégiales mais aussi afin de permettre des augmentations individuelles hors changement de niveau échelon.   cet article ne s’applique pas aux collaborateurs dont la rémunération est fixée sur une base mensuelle fixée en pourcentage du smic, notamment pour les apprentis et alternants.    1-2. collaborateurs ayant le statut « agents de maîtrise » et « cadres »  1.2.1 augmentation collective statuts « agents de maîtrise » et « cadres »   pour les catégories « agents de maitrise » et « cadres », il n’est prévu aucune hausse de salaire collective, dans la mesure où il n’existe pas de grille de salaire electro depot applicable à ces deux statuts.  néanmoins, à titre exceptionnel, en lien avec le préambule de cet accord, il a été décidé d’accorder une hausse collective applicable sur les forfaits de base de 1%.   1.2.1 augmentation individuelle statuts « agents de maîtrise » et « cadres »  a cette augmentation collective s’ajoute une enveloppe d’augmentation individuelle de 2%. ces augmentations individuelles se feront après échanges lors de l’entretien annuel (e3p) et à l’issue des collégiales.  l’augmentation individuelle éventuelle sera applicable sur la paie de mai 2022 avec rétroactivité au 1er avril 2022.  la direction s’engage à rencontrer ultérieurement, les organisations syndicales signataires de cet accord pour leur présenter par dépôt ou statut, les % d’augmentation attribués par les évolutions individuelles.",1.0
"niveau base minimale brute pour 151,67 heures  au 1er janvier 2021 augmentation générale  au 1er janvier 2022 base minimale brute  pour 151,67 heures  au 1er janvier 2022 employé - niveau i 1 589,00 € - 1 589,00 € employé - niveau ii 1 645,00 € 1,22% 1 665,00 € employé - niveau iii 1 685,00 € 1,19% 1 705,00 € employé - niveau iv 1 715,00 € 1,17% 1 735,00 € employé - niveau v 1 790,00 € 1,12% 1 810,00 € agent de maitrise - niveau vi 1 950,00 € 1,03% 1 970,00 € cadre - niveau vii 2 535,00 € 1,18% 2 565,00 € ",2.0
"accord collectif 2022 sur les salaires, la duree effective et l’organisation du temps de travail et l’egalite professionnelle entre les femmeset les hommes  mesures salariales et sociales nao monop’ 2022. article 2 : mesures salariales et sociales  2.1. augmentations la direction de monop’ propose, des mesures axées sur la préservation du pouvoir d’achat de l’ensemble des salariés.  pour les employés la direction de monop’ s’assure que le salaire de base de la population employé, augmente de 2,5% entre le 1er juillet 2021 et le 1er juillet 2022.  par comparaison entre le salaire de base de juillet 2021 et celui de juillet 2022, le salaire de base évoluera de la manière suivante : pour les salariés ayant un an d’ancienneté et dont le salaire de base a évolué (augmentation du smic) de moins de 2,5% depuis le 1er juillet 2021 ; bénéficieront d’une augmentation de la différence pour atteindre 2,5% d’augmentation de leur salaire de base au 1er juillet 2022.  pour les salariés ayant bénéficié des hausses successives du smic au 1er septembre 2021 et au 1er janvier 2022, l’évolution de 2,5% est déjà intervenue mécaniquement et ne sera pas complétée.   pour les agents de maîtrise la direction attribue une enveloppe globale d’augmentation de +2,5% pour tous les agents de maîtrise ayant un an d’ancienneté au 1er juillet 2022, décomposée comme suit :  a titre exceptionnel, une augmentation générale de +2,5% des salaires de base de l’ensemble de la population des agents de maitrise ayant un an d’ancienneté au 1er juillet 2022  pour les salariés ayant un an d’ancienneté et dont le salaire de base a évolué (minima conventionnels) de moins de 2,5% depuis le 1er juillet 2021 ; bénéficieront d’une augmentation de la différence pour atteindre 2,5% d’augmentation de leur salaire de base au 1er juillet 2022. la période de référence relative à cette augmentation se calcule par comparaison entre le salaire de base de juillet 2021 et le salaire de base de juillet 2022.  pour les cadres mise en place d’un minimum salarial pour l’encadrement de 2500 € bruts mensuels au 1er juillet 2022. la direction attribue une enveloppe globale d’augmentation de + 2, 5% pour tous les cadres ayant un an d’ancienneté au 1er juillet 2022, décomposée comme suit :  a titre exceptionnel, une augmentation générale de + 1% des salaires de base des cadres ayant un an d’ancienneté au 1er juillet 2022.  une augmentation individualisée dans le cadre d’une enveloppe de 1,5% des salaires de base pour les cadres ayant un an d’ancienneté sur recommandation du manager, sous conditions de performance individuelle, applicable sur le salaire de base au 1er juillet 2022.",
